,Username,Age,Date
0,muredo,34,2018-07-30
1,dearie,37,2018-07-30
2,kingralph,40,2018-07-30
3,jabbo,37,2018-07-30
4,Ajibolar,28,2018-07-30
5,Agbo2,38,2018-07-30
6,brosibro,31,2018-07-30
7,extommix,33,2018-07-30
8,real2fix,29,2018-07-30
9,adosjun,18,2018-07-30
10,worldfamouz,48,2018-07-30
11,agbeabiodu,30,2018-07-30
12,Lataability,32,2018-07-30
13,ALARAPE22,30,2018-07-30
14,stanlotion,43,2018-07-30
15,Prince2bad,25,2018-07-30
16,Bunnatex,25,2018-07-30
17,Tekecoms1,31,2018-07-30
18,vicky6,38,2018-07-30
19,dedonfranco,34,2018-07-30
20,Mzstephii,25,2018-07-30
21,usmanktg2,24,2018-07-30
22,Izukel,37,2018-07-30
23,kwaraguy,29,2018-07-30
24,Babcee,31,2018-07-30
25,ifeanyi83,35,2018-07-30
26,choclatoria,29,2018-07-30
27,haybellfire,22,2018-07-30
28,yousouphe,25,2018-07-30
29,Deeworld,22,2018-07-30
30,nigmarelli,36,2018-07-30
31,demmyhandsome,25,2018-07-30
32,fidel3431,27,2018-07-30
33,McGg,26,2018-07-30
34,ysadiq,24,2018-07-30
35,Sleekyshuga,25,2018-07-30
36,ilynem,28,2018-07-30
37,Zanders,30,2018-07-30
38,stmoriz,28,2018-07-30
39,okemayokun,28,2018-07-30
40,McPerry,31,2018-07-30
41,Fianze93,25,2018-07-30
42,Samjos01,29,2018-07-30
43,Ekinne91,27,2018-07-30
44,unikprince,32,2018-07-30
45,steph2sweet,24,2018-07-30
46,MacMillz,31,2018-07-30
47,morichy,28,2018-07-30
48,dawno2008,38,2018-07-30
49,bukkysam,19,2018-07-30
50,olasstech,25,2018-07-30
51,yungelboi,23,2018-07-30
52,laxxie,36,2018-07-30
53,princewaldex,21,2018-07-30
54,mic3221,34,2018-07-30
55,Longhite01,25,2018-07-30
56,CHANNELStv2020,25,2018-07-30
57,kbitss,30,2018-07-30
58,BigboysZ,24,2018-07-30
59,Flywillz93,27,2018-07-30
60,olusholasalami,39,2018-07-30
61,FMCASH,26,2018-07-30
62,Olubassey92,26,2018-07-30
63,Horlahmi,19,2018-07-30
64,josephdreams,35,2018-07-30
65,mak4,35,2018-07-30
66,Awafolashade,20,2018-07-30
67,olametrix,31,2018-07-30
68,walex30,30,2018-07-30
69,jocal,27,2018-07-30
70,Anyaelisha,26,2018-07-30
71,Tydollasign,25,2018-07-30
72,Wizklynd23,20,2018-07-30
73,snipernigga,25,2018-07-30
74,Makaveli1166,28,2018-07-30
75,BettyItunu,26,2018-07-30
76,Ayintabazin2,26,2018-07-30
77,afuyeoluwatosin,30,2018-07-30
78,Ihedigbo1,34,2018-07-30
79,Olatorerahh,26,2018-07-30
80,Dammysammyy19,18,2018-07-30
81,Oyeyemi9,23,2018-07-30
82,Ferguson09,23,2018-07-30
83,Baddest1,22,2018-07-30
84,Judeosho,21,2018-07-30
